{
    "ffrz": {
        "x": 569,
        "y": 393.28948974609375,
        "scale": 1.7500000000000007
    },
    "padTimer": {
        "x": 358.9468688964844,
        "y": 272.86773681640625,
        "scale": 1
    },
    "firstInstall": false,
    "key": ""
}